NOM;PRENOM;SERVICE
GARCIA PEINADO;Alejandro;INFORMATIQUE
BELKADI;Ayoub;INFORMATIQUE
YVON;Edouard;INFORMATIQUE
DAVIAU;Robin;INFORMATIQUE
LAPORTE;Michelle;DIRECTION
ADA;Jing;SAV
BEZIAT;Jennifer;PRODUIT A
ELLA;Carole;PRODUIT A
AYO;Aude;PRODUIT A
ANCIEN;Maria;PRODUIT A
PROD01;Serv01;PRODUIT A
PROD02;Serv02;PRODUIT A
PROD03;Serv03;PRODUIT A
PROD04;Serv04;PRODUIT A
PROD05;Serv05;PRODUIT A
PROD06;Serv06;PRODUIT A
PROD07;Serv07;PRODUIT A
PROD08;Serv08;PRODUIT A
PROD09;Serv09;PRODUIT A
PROD10;Serv10;PRODUIT A
PROD11;Serv11;PRODUIT A
PROD12;Serv12;PRODUIT A
PROD13;Serv13;PRODUIT A
PROD14;Serv14;PRODUIT A
PROD15;Serv15;PRODUIT A
PROD16;Serv16;PRODUIT A
PROD17;Serv17;PRODUIT A
PROD18;Serv18;PRODUIT A
PROD19;Serv19;PRODUIT A
PROD20;Serv20;PRODUIT A
PROD21;Serv21;PRODUIT A
PROD22;Serv22;PRODUIT A
PROD23;Serv23;PRODUIT A
PROD24;Serv24;PRODUIT A
PROD25;Serv25;PRODUIT A
PROD26;Serv26;PRODUIT A
PROD27;Serv27;PRODUIT A
PROD28;Serv28;PRODUIT A
PROD29;Serv29;PRODUIT A
PROD30;Serv30;PRODUIT A
PROD31;Serv31;PRODUIT A
PROD32;Serv32;PRODUIT A
PROD33;Serv33;PRODUIT A
PROD34;Serv34;PRODUIT A
PROD35;Serv35;PRODUIT A
PROD36;Serv36;PRODUIT A
PROD37;Serv37;PRODUIT A
PROD38;Serv38;PRODUIT B
PROD39;Serv39;PRODUIT B
PROD40;Serv40;PRODUIT B
PROD41;Serv41;PRODUIT B
PROD42;Serv42;PRODUIT B
PROD43;Serv43;PRODUIT B
PROD44;Serv44;PRODUIT B
PROD45;Serv45;PRODUIT B
PROD46;Serv46;PRODUIT B
PROD47;Serv47;PRODUIT B
PROD48;Serv48;PRODUIT B
PROD49;Serv49;PRODUIT B
PROD50;Serv50;PRODUIT B
PROD51;Serv51;PRODUIT B
PROD52;Serv52;PRODUIT B
PROD53;Serv53;PRODUIT B
PROD54;Serv54;PRODUIT B
PROD55;Serv55;PRODUIT B
PROD56;Serv56;PRODUIT B
PROD57;Serv57;PRODUIT B
PROD58;Serv58;PRODUIT B
PROD59;Serv59;PRODUIT B
PROD60;Serv60;PRODUIT B
PROD61;Serv61;PRODUIT B
PROD62;Serv62;PRODUIT B
PROD63;Serv63;PRODUIT B
PROD64;Serv64;PRODUIT B
PROD65;Serv65;PRODUIT B
PROD66;Serv66;PRODUIT B
ADM01;Serv67;ADMINISTRATIF
ADM02;Serv68;ADMINISTRATIF
ADM03;Serv69;ADMINISTRATIF
ADM04;Serv70;ADMINISTRATIF
ADM05;Serv71;ADMINISTRATIF
ADM06;Serv72;ADMINISTRATIF
ADM07;Serv73;ADMINISTRATIF
ADM08;Serv74;ADMINISTRATIF
ADM09;Serv75;ADMINISTRATIF
ADM10;Serv76;ADMINISTRATIF
GENERAL;Direct01;DIRECTION
DIADFI;Direct02;ADMINISTRATIF
PROD67;Resp01;PRODUIT A
PROD68;Resp02;PRODUIT B
SEAPVE;Resp03;SAV
